借阅人,性别,DEPT,年级,类型
1,F,艺术学院,18,本科
2,F,艺术学院,18,本科
3,M,电子科学与工程学院,18,本科
4,M,人文学院,18,本科
5,F,法学院,18,本科
6,M,法学院,18,本科
7,F,法学院,18,本科
8,M,外国语学院,18,本科
9,M,数学学院,18,本科
10,F,数学学院,18,本科
11,M,经济管理学院,18,本科
12,M,经济管理学院,18,本科
13,M,人文学院,18,本科
14,F,人文学院,18,本科
15,F,人文学院,18,本科
16,M,土木工程学院,18,本科
17,F,经济管理学院,18,本科
18,M,土木工程学院,18,本科
19,F,人文学院,18,本科
20,F,人文学院,18,本科
21,M,土木工程学院,18,本科
22,M,电子科学与工程学院,18,本科
23,M,电子科学与工程学院,18,本科
24,M,数学学院,18,本科
25,F,经济管理学院,18,本科
26,M,法学院,18,本科
27,F,经济管理学院,18,本科
28,F,经济管理学院,18,本科
29,F,人文学院,18,本科
30,F,人文学院,18,本科
31,F,人文学院,18,本科
32,F,人文学院,18,本科
33,M,信息科学与工程学院,18,本科
34,M,电气工程学院,18,本科
35,M,化学化工学院,18,本科
36,M,土木工程学院,18,本科
37,M,数学学院,18,本科
38,F,数学学院,18,本科
39,F,信息科学与工程学院,18,本科
40,F,电子科学与工程学院,18,本科
41,F,经济管理学院,18,本科
42,F,人文学院,18,本科
43,M,数学学院,18,本科
44,M,机械工程学院,18,本科
45,M,土木工程学院,18,本科
46,F,经济管理学院,18,本科
47,F,电子科学与工程学院,18,本科
48,M,电子科学与工程学院,18,本科
49,M,信息科学与工程学院,18,本科
50,M,物理学院,18,本科
51,M,能源与环境学院,18,本科
52,F,经济管理学院,18,本科
53,M,机械工程学院,18,本科
54,M,机械工程学院,18,本科
55,M,机械工程学院,18,本科
56,F,人文学院,18,本科
57,M,土木工程学院,18,本科
58,F,经济管理学院,18,本科
59,F,能源与环境学院,18,本科
60,F,信息科学与工程学院,18,本科
61,M,经济管理学院,18,本科
62,M,人文学院,18,本科
63,F,经济管理学院,18,本科
64,F,人文学院,18,本科
65,M,经济管理学院,18,本科
66,M,自动化学院,18,本科
67,F,信息科学与工程学院,18,本科
68,F,数学学院,18,本科
69,F,电子科学与工程学院,18,本科
70,F,数学学院,18,本科
71,F,人文学院,18,本科
72,F,人文学院,18,本科
73,F,人文学院,18,本科
74,F,信息科学与工程学院,18,本科
75,F,能源与环境学院,18,本科
76,F,自动化学院,18,本科
77,M,计算机科学与工程学院,18,本科
78,M,经济管理学院,18,本科
79,M,能源与环境学院,18,本科
80,F,土木工程学院,18,本科
81,M,经济管理学院,18,本科
82,M,机械工程学院,18,本科
83,F,外国语学院,18,本科
84,M,物理学院,18,本科
85,M,经济管理学院,18,本科
86,M,人文学院,18,本科
87,F,人文学院,18,本科
88,F,人文学院,18,本科
89,M,物理学院,18,本科
90,F,人文学院,18,本科
91,M,电子科学与工程学院,18,本科
92,F,人文学院,18,本科
93,F,人文学院,18,本科
94,F,能源与环境学院,18,本科
95,F,艺术学院,18,本科
96,F,能源与环境学院,18,本科
97,F,经济管理学院,18,本科
98,M,信息科学与工程学院,18,本科
99,M,电子科学与工程学院,18,本科
100,M,电子科学与工程学院,18,本科
101,M,信息科学与工程学院,18,本科
102,M,经济管理学院,18,本科
103,M,经济管理学院,18,本科
104,F,能源与环境学院,18,本科
105,M,电气工程学院,18,本科
106,M,能源与环境学院,18,本科
107,M,化学化工学院,18,本科
108,M,人文学院,18,本科
109,M,人文学院,18,本科
110,M,土木工程学院,18,本科
111,F,能源与环境学院,18,本科
112,F,经济管理学院,18,本科
113,F,经济管理学院,18,本科
114,F,人文学院,18,本科
115,F,人文学院,18,本科
116,M,数学学院,18,本科
117,F,外国语学院,18,本科
118,F,外国语学院,18,本科
119,M,电子科学与工程学院,18,本科
120,M,电子科学与工程学院,18,本科
121,F,计算机科学与工程学院,18,本科
122,M,电子科学与工程学院,18,本科
123,M,电子科学与工程学院,18,本科
124,M,自动化学院,18,本科
125,M,电气工程学院,18,本科
126,M,化学化工学院,18,本科
127,F,信息科学与工程学院,18,本科
128,M,机械工程学院,18,本科
129,M,土木工程学院,18,本科
130,F,经济管理学院,18,本科
131,F,经济管理学院,18,本科
132,F,法学院,18,本科
133,F,人文学院,18,本科
134,F,人文学院,18,本科
135,M,土木工程学院,18,本科
136,F,艺术学院,18,本科
137,F,人文学院,18,本科
138,F,艺术学院,19,本科
139,M,艺术学院,19,本科
140,F,人文学院,19,本科
141,F,人文学院,19,本科
142,M,人文学院,19,本科
143,F,外国语学院,19,本科
144,M,机械工程学院,19,本科
145,M,机械工程学院,19,本科
146,F,能源与环境学院,19,本科
147,M,信息科学与工程学院,19,本科
148,M,土木工程学院,19,本科
149,M,计算机科学与工程学院,19,本科
150,M,电气工程学院,19,本科
151,F,经济管理学院,19,本科
152,M,经济管理学院,19,本科
153,F,艺术学院,19,本科
154,F,艺术学院,19,本科
155,M,人文学院,19,本科
156,M,人文学院,19,本科
157,F,人文学院,19,本科
158,F,机械工程学院,19,本科
159,M,信息科学与工程学院,19,本科
160,M,物理学院,19,本科
161,F,艺术学院,19,本科
162,F,艺术学院,19,本科
163,F,人文学院,19,本科
164,M,外国语学院,19,本科
165,F,外国语学院,19,本科
166,F,人文学院,19,本科
167,M,物理学院,19,本科
168,F,人文学院,19,本科
169,F,电气工程学院,19,本科
170,F,能源与环境学院,19,本科
171,F,人文学院,19,本科
172,F,人文学院,19,本科
173,M,电子科学与工程学院,19,本科
174,M,电气工程学院,19,本科
175,F,电气工程学院,19,本科
176,M,计算机科学与工程学院,19,本科
177,M,物理学院,19,本科
178,M,物理学院,19,本科
179,M,土木工程学院,19,本科
180,M,数学学院,19,本科
181,M,机械工程学院,19,本科
182,M,物理学院,19,本科
183,F,经济管理学院,19,本科
184,F,经济管理学院,19,本科
185,M,经济管理学院,19,本科
186,M,化学化工学院,19,本科
187,F,人文学院,19,本科
188,M,人文学院,19,本科
189,M,信息科学与工程学院,19,本科
190,M,电子科学与工程学院,19,本科
191,M,电子科学与工程学院,19,本科
192,M,物理学院,19,本科
193,M,经济管理学院,19,本科
194,M,数学学院,19,本科
195,M,土木工程学院,19,本科
196,M,能源与环境学院,19,本科
197,F,机械工程学院,19,本科
198,M,能源与环境学院,19,本科
199,F,物理学院,19,本科
200,F,物理学院,19,本科
201,M,物理学院,19,本科
202,M,人文学院,19,本科
203,M,计算机科学与工程学院,19,本科
204,M,物理学院,19,本科
205,F,经济管理学院,19,本科
206,F,物理学院,19,本科
207,M,物理学院,19,本科
208,M,经济管理学院,19,本科
209,F,人文学院,19,本科
210,M,外国语学院,19,本科
211,M,电子科学与工程学院,19,本科
212,M,电气工程学院,19,本科
213,M,机械工程学院,19,本科
214,F,经济管理学院,19,本科
215,M,机械工程学院,19,本科
216,M,机械工程学院,19,本科
217,F,能源与环境学院,19,本科
218,M,机械工程学院,19,本科
219,M,土木工程学院,19,本科
220,F,人文学院,19,本科
221,F,电气工程学院,19,本科
222,M,物理学院,19,本科
223,F,人文学院,19,本科
224,M,人文学院,19,本科
225,M,土木工程学院,19,本科
226,F,经济管理学院,19,本科
227,F,自动化学院,19,本科
228,M,物理学院,19,本科
229,F,经济管理学院,19,本科
230,M,机械工程学院,19,本科
231,F,电气工程学院,19,本科
232,M,土木工程学院,19,本科
233,M,土木工程学院,19,本科
234,F,外国语学院,19,本科
235,F,外国语学院,19,本科
236,M,土木工程学院,19,本科
237,M,能源与环境学院,19,本科
238,F,能源与环境学院,19,本科
239,M,化学化工学院,19,本科
240,F,人文学院,19,本科
241,M,信息科学与工程学院,19,本科
242,M,信息科学与工程学院,19,本科
243,M,能源与环境学院,19,本科
244,F,经济管理学院,19,本科
245,M,信息科学与工程学院,19,本科
246,M,经济管理学院,19,本科
247,F,能源与环境学院,19,本科
248,M,经济管理学院,19,本科
249,M,电子科学与工程学院,19,本科
250,F,物理学院,19,本科
251,F,经济管理学院,19,本科
252,M,机械工程学院,19,本科
253,F,人文学院,19,本科
254,F,人文学院,19,本科
255,M,人文学院,19,本科
256,M,信息科学与工程学院,19,本科
257,M,电子科学与工程学院,19,本科
258,M,物理学院,19,本科
259,M,经济管理学院,19,本科
260,F,机械工程学院,19,本科
261,F,法学院,19,本科
262,F,外国语学院,19,本科
263,M,电子科学与工程学院,19,本科
264,M,机械工程学院,19,本科
265,M,人文学院,19,本科
266,F,人文学院,19,本科
267,M,能源与环境学院,19,本科
268,F,自动化学院,19,本科
269,F,艺术学院,19,本科
270,F,人文学院,19,本科
271,M,计算机科学与工程学院,19,本科
272,F,艺术学院,19,本科
273,F,人文学院,19,本科
274,F,人文学院,19,本科
275,M,信息科学与工程学院,19,本科
276,M,能源与环境学院,19,本科
277,F,能源与环境学院,19,本科
278,M,能源与环境学院,19,本科
279,F,人文学院,19,本科
280,M,经济管理学院,19,本科
281,F,经济管理学院,19,本科
282,F,经济管理学院,19,本科
283,M,人文学院,20,本科
284,F,人文学院,20,本科
285,M,数学学院,20,本科
286,M,数学学院,20,本科
287,M,土木工程学院,20,本科
288,M,能源与环境学院,20,本科
289,M,人文学院,20,本科
290,F,经济管理学院,20,本科
291,F,艺术学院,20,本科
292,M,人文学院,20,本科
293,M,信息科学与工程学院,20,本科
294,F,电气工程学院,20,本科
295,M,自动化学院,20,本科
296,M,经济管理学院,20,本科
297,M,信息科学与工程学院,20,本科
298,F,外国语学院,20,本科
299,F,人文学院,20,本科
300,M,经济管理学院,20,本科
301,M,人文学院,20,本科
302,F,法学院,20,本科
303,M,数学学院,20,本科
304,M,电子科学与工程学院,20,本科
305,M,电子科学与工程学院,20,本科
306,M,数学学院,20,本科
307,M,计算机科学与工程学院,20,本科
308,F,信息科学与工程学院,20,本科
309,M,化学化工学院,20,本科
310,M,人文学院,20,本科
311,M,人文学院,20,本科
312,F,数学学院,20,本科
313,M,数学学院,20,本科
314,M,数学学院,20,本科
315,F,信息科学与工程学院,20,本科
316,M,信息科学与工程学院,20,本科
317,M,信息科学与工程学院,20,本科
318,M,计算机科学与工程学院,20,本科
319,M,经济管理学院,20,本科
320,F,人文学院,20,本科
321,M,电子科学与工程学院,20,本科
322,M,人文学院,20,本科
323,F,经济管理学院,20,本科
324,M,计算机科学与工程学院,20,本科
325,M,信息科学与工程学院,20,本科
326,M,人文学院,20,本科
327,M,能源与环境学院,20,本科
328,F,外国语学院,20,本科
329,M,物理学院,20,本科
330,F,人文学院,20,本科
331,F,信息科学与工程学院,20,本科
332,M,电子科学与工程学院,20,本科
333,M,信息科学与工程学院,20,本科
334,M,土木工程学院,20,本科
335,M,物理学院,20,本科
336,F,土木工程学院,20,本科
337,M,经济管理学院,20,本科
338,F,人文学院,20,本科
339,F,人文学院,20,本科
340,F,艺术学院,20,本科
341,M,土木工程学院,20,本科
342,M,经济管理学院,20,本科
343,F,化学化工学院,20,本科
344,F,信息科学与工程学院,20,本科
345,F,艺术学院,20,本科
346,F,法学院,20,本科
347,F,人文学院,20,本科
348,F,物理学院,20,本科
349,M,能源与环境学院,20,本科
350,M,信息科学与工程学院,20,本科
351,M,电气工程学院,20,本科
352,M,自动化学院,20,本科
353,F,数学学院,20,本科
354,M,自动化学院,20,本科
355,F,人文学院,20,本科
356,M,艺术学院,20,本科
357,F,艺术学院,20,本科
358,F,法学院,20,本科
359,M,土木工程学院,20,本科
360,M,自动化学院,20,本科
361,M,信息科学与工程学院,20,本科
362,M,信息科学与工程学院,20,本科
363,F,人文学院,20,本科
364,F,人文学院,20,本科
365,F,人文学院,20,本科
366,M,艺术学院,20,本科
367,F,人文学院,20,本科
368,F,能源与环境学院,20,本科
369,M,数学学院,20,本科
370,M,自动化学院,20,本科
371,M,自动化学院,20,本科
372,M,信息科学与工程学院,20,本科
373,M,电气工程学院,20,本科
374,F,自动化学院,20,本科
375,M,能源与环境学院,20,本科
376,M,机械工程学院,20,本科
377,M,能源与环境学院,20,本科
378,M,数学学院,20,本科
379,M,数学学院,20,本科
380,F,人文学院,20,本科
381,M,能源与环境学院,20,本科
382,M,机械工程学院,20,本科
383,F,信息科学与工程学院,20,本科
384,M,自动化学院,20,本科
385,M,电气工程学院,20,本科
386,M,土木工程学院,20,本科
387,F,经济管理学院,20,本科
388,M,能源与环境学院,20,本科
389,M,土木工程学院,20,本科
390,M,土木工程学院,20,本科
391,M,经济管理学院,20,本科
392,M,经济管理学院,20,本科
393,M,化学化工学院,20,本科
394,F,机械工程学院,20,本科
395,F,人文学院,20,本科
396,F,经济管理学院,20,本科
397,M,自动化学院,20,本科
398,M,信息科学与工程学院,20,本科
399,M,土木工程学院,20,本科
400,F,信息科学与工程学院,20,本科
401,M,计算机科学与工程学院,20,本科
402,M,能源与环境学院,20,本科
403,M,土木工程学院,20,本科
404,M,数学学院,20,本科
405,M,电气工程学院,20,本科
406,M,电气工程学院,20,本科
407,M,数学学院,20,本科
408,M,能源与环境学院,20,本科
409,M,电子科学与工程学院,20,本科
410,F,人文学院,20,本科
411,F,法学院,20,本科
412,F,人文学院,20,本科
413,F,人文学院,20,本科
414,M,人文学院,20,本科
415,F,经济管理学院,20,本科
416,M,机械工程学院,20,本科
417,M,能源与环境学院,20,本科
418,M,自动化学院,20,本科
419,M,外国语学院,20,本科
420,M,外国语学院,20,本科
421,F,经济管理学院,20,本科
422,M,经济管理学院,20,本科
423,M,物理学院,20,本科
424,F,能源与环境学院,20,本科
425,F,经济管理学院,20,本科
426,F,经济管理学院,20,本科
427,F,机械工程学院,20,本科
428,M,外国语学院,20,本科
429,F,法学院,20,本科
430,M,人文学院,21,本科
431,F,法学院,21,本科
432,F,人文学院,21,本科
433,F,经济管理学院,21,本科
434,M,数学学院,21,本科
435,M,土木工程学院,21,本科
436,M,人文学院,21,本科
437,M,人文学院,21,本科
438,F,人文学院,21,本科
439,F,人文学院,21,本科
440,F,艺术学院,21,本科
441,F,艺术学院,21,本科
442,F,艺术学院,21,本科
443,F,艺术学院,21,本科
444,F,艺术学院,21,本科
445,M,艺术学院,21,本科
446,F,艺术学院,21,本科
447,F,艺术学院,21,本科
448,F,化学化工学院,21,本科
449,F,人文学院,21,本科
450,M,法学院,21,本科
451,F,人文学院,21,本科
452,M,人文学院,21,本科
453,F,人文学院,21,本科
454,F,艺术学院,21,本科
455,M,化学化工学院,21,本科
456,F,艺术学院,21,本科
457,F,人文学院,21,本科
458,F,经济管理学院,21,本科
459,F,机械工程学院,21,本科
460,M,经济管理学院,21,本科
461,F,法学院,21,本科
462,M,经济管理学院,21,本科
463,M,电子科学与工程学院,21,本科
464,M,经济管理学院,21,本科
465,M,物理学院,21,本科
466,M,自动化学院,21,本科
467,M,信息科学与工程学院,21,本科
468,M,外国语学院,21,本科
469,F,人文学院,21,本科
470,M,经济管理学院,21,本科
471,M,法学院,21,本科
472,M,自动化学院,21,本科
473,M,能源与环境学院,21,本科
474,M,机械工程学院,21,本科
475,F,数学学院,21,本科
476,F,电子科学与工程学院,21,本科
477,M,电子科学与工程学院,21,本科
478,M,法学院,21,本科
479,M,法学院,21,本科
480,M,数学学院,21,本科
481,M,电子科学与工程学院,21,本科
482,M,法学院,21,本科
483,M,人文学院,21,本科
484,F,人文学院,21,本科
485,M,人文学院,21,本科
486,F,经济管理学院,21,本科
487,F,法学院,21,本科
488,F,人文学院,21,本科
489,F,人文学院,21,本科
490,M,人文学院,21,本科
491,F,数学学院,21,本科
492,F,人文学院,21,本科
493,M,人文学院,21,本科
494,M,电子科学与工程学院,21,本科
495,M,人文学院,21,本科
496,M,能源与环境学院,21,本科
497,M,信息科学与工程学院,21,本科
498,F,艺术学院,21,本科
499,F,人文学院,21,本科
500,F,经济管理学院,21,本科
501,F,外国语学院,21,本科
502,F,外国语学院,21,本科
503,F,法学院,21,本科
504,F,人文学院,21,本科
505,M,土木工程学院,21,本科
506,M,土木工程学院,21,本科
507,M,数学学院,21,本科
508,M,电子科学与工程学院,21,本科
509,M,电子科学与工程学院,21,本科
510,F,人文学院,21,本科
511,F,人文学院,21,本科
512,F,物理学院,21,本科
513,M,物理学院,21,本科
514,M,能源与环境学院,21,本科
515,M,电子科学与工程学院,21,本科
516,M,电子科学与工程学院,21,本科
517,M,人文学院,21,本科
518,M,机械工程学院,21,本科
519,F,人文学院,21,本科
520,F,电子科学与工程学院,21,本科
521,M,能源与环境学院,21,本科
522,F,机械工程学院,21,本科
523,F,艺术学院,21,本科
524,F,艺术学院,21,本科
525,F,人文学院,21,本科
526,F,人文学院,21,本科
527,M,数学学院,21,本科
528,M,自动化学院,21,本科
529,M,土木工程学院,21,本科
530,F,人文学院,21,本科
531,M,自动化学院,21,本科
532,F,人文学院,21,本科
533,F,法学院,21,本科
534,F,法学院,21,本科
535,M,外国语学院,21,本科
536,F,人文学院,21,本科
537,F,化学化工学院,21,本科
538,F,土木工程学院,21,本科
539,M,数学学院,21,本科
540,M,数学学院,21,本科
541,M,数学学院,21,本科
542,M,电子科学与工程学院,21,本科
543,F,信息科学与工程学院,21,本科
544,M,信息科学与工程学院,21,本科
545,F,人文学院,21,本科
546,M,经济管理学院,21,本科
547,F,人文学院,21,本科
548,M,人文学院,21,本科
549,M,法学院,21,本科
550,F,艺术学院,21,本科
551,F,人文学院,21,本科
552,M,电气工程学院,21,本科
553,M,自动化学院,21,本科
554,F,电子科学与工程学院,21,本科
555,F,经济管理学院,21,本科
556,M,能源与环境学院,21,本科
557,M,土木工程学院,21,本科
558,F,经济管理学院,21,本科
559,M,电子科学与工程学院,21,本科
560,F,人文学院,21,本科
561,F,经济管理学院,21,本科
562,F,人文学院,21,本科
563,M,艺术学院,21,本科
564,F,经济管理学院,21,本科
565,F,经济管理学院,21,本科
566,F,经济管理学院,21,本科
567,F,经济管理学院,21,本科
568,F,艺术学院,21,本科
569,F,人文学院,21,本科
570,F,能源与环境学院,21,本科
571,F,电气工程学院,21,本科
572,M,土木工程学院,21,本科
573,M,电气工程学院,21,本科
574,M,电子科学与工程学院,21,本科
575,F,人文学院,21,本科
576,F,能源与环境学院,21,本科
577,M,电子科学与工程学院,21,本科
578,M,经济管理学院,21,本科
579,M,经济管理学院,21,本科
580,M,电子科学与工程学院,21,本科
581,M,人文学院,22,本科
582,F,人文学院,22,本科
583,M,信息科学与工程学院,22,本科
584,M,能源与环境学院,22,本科
585,M,电气工程学院,22,本科
586,M,人文学院,22,本科
587,F,人文学院,22,本科
588,F,人文学院,22,本科
589,M,数学学院,22,本科
590,F,艺术学院,22,本科
591,F,数学学院,22,本科
592,M,自动化学院,22,本科
593,F,人文学院,22,本科
594,M,土木工程学院,22,本科
595,M,能源与环境学院,22,本科
596,M,机械工程学院,22,本科
597,M,电子科学与工程学院,22,本科
598,F,艺术学院,22,本科
599,F,人文学院,22,本科
600,F,能源与环境学院,22,本科
601,M,电气工程学院,22,本科
602,F,人文学院,22,本科
603,F,艺术学院,22,本科
604,F,人文学院,22,本科
605,F,人文学院,22,本科
606,M,人文学院,22,本科
607,M,自动化学院,22,本科
608,M,人文学院,22,本科
609,M,艺术学院,22,本科
610,M,电子科学与工程学院,22,本科
611,M,电子科学与工程学院,22,本科
612,M,数学学院,22,本科
613,M,电气工程学院,22,本科
614,M,自动化学院,22,本科
615,M,自动化学院,22,本科
616,M,能源与环境学院,22,本科
617,F,电气工程学院,22,本科
618,M,艺术学院,22,本科
619,F,人文学院,22,本科
620,F,人文学院,22,本科
621,M,人文学院,22,本科
622,M,电气工程学院,22,本科
623,M,物理学院,22,本科
624,M,电气工程学院,22,本科
625,M,信息科学与工程学院,22,本科
626,F,艺术学院,22,本科
627,F,艺术学院,22,本科
628,M,电气工程学院,22,本科
629,M,人文学院,22,本科
630,F,土木工程学院,22,本科
631,F,信息科学与工程学院,22,本科
632,M,物理学院,22,本科
633,M,电子科学与工程学院,22,本科
634,M,信息科学与工程学院,22,本科
635,F,人文学院,22,本科
636,M,计算机科学与工程学院,22,本科
637,F,人文学院,22,本科
638,M,经济管理学院,22,本科
639,M,物理学院,22,本科
640,F,数学学院,22,本科
641,F,能源与环境学院,22,本科
642,M,电子科学与工程学院,22,本科
643,M,能源与环境学院,22,本科
644,F,人文学院,22,本科
645,M,人文学院,22,本科
646,F,人文学院,22,本科
647,M,土木工程学院,22,本科
648,F,艺术学院,22,本科
649,F,外国语学院,22,本科
650,M,人文学院,22,本科
651,M,电气工程学院,22,本科
652,M,信息科学与工程学院,22,本科
653,M,数学学院,22,本科
654,F,法学院,22,本科
655,M,自动化学院,22,本科
656,M,计算机科学与工程学院,22,本科
657,F,艺术学院,22,本科
658,M,数学学院,22,本科
659,F,计算机科学与工程学院,22,本科
660,F,经济管理学院,22,本科
661,F,人文学院,22,本科
662,F,法学院,22,本科
663,M,电子科学与工程学院,22,本科
664,M,经济管理学院,22,本科
665,M,电子科学与工程学院,22,本科
666,M,经济管理学院,22,本科
667,M,法学院,22,本科
668,F,人文学院,22,本科
669,F,物理学院,22,本科
670,M,数学学院,23,本科
671,M,自动化学院,23,本科
672,M,人文学院,23,本科
673,F,数学学院,23,本科
674,M,数学学院,23,本科
675,F,人文学院,23,本科
676,F,人文学院,23,本科
677,M,能源与环境学院,23,本科
678,M,信息科学与工程学院,23,本科
679,F,人文学院,23,本科
680,M,法学院,23,本科
681,M,人文学院,23,本科
682,M,物理学院,23,本科
683,M,计算机科学与工程学院,23,本科
684,F,信息科学与工程学院,23,本科
685,M,信息科学与工程学院,23,本科
686,M,数学学院,23,本科
687,M,能源与环境学院,23,本科
688,F,经济管理学院,23,本科
689,M,信息科学与工程学院,23,本科
690,M,计算机科学与工程学院,23,本科
691,M,信息科学与工程学院,23,本科
692,M,电气工程学院,23,本科
693,M,信息科学与工程学院,23,本科
694,M,电子科学与工程学院,23,本科
695,M,人文学院,23,本科
696,M,数学学院,23,本科
697,F,人文学院,23,本科
698,M,电子科学与工程学院,23,本科
699,M,电气工程学院,23,本科
700,M,信息科学与工程学院,23,本科
701,M,计算机科学与工程学院,23,本科
702,F,法学院,23,本科
703,M,经济管理学院,23,本科
704,M,土木工程学院,23,本科
705,M,自动化学院,23,本科
706,M,能源与环境学院,23,本科
707,M,计算机科学与工程学院,23,本科
708,F,电子科学与工程学院,23,本科
709,M,能源与环境学院,23,本科
710,F,人文学院,23,本科
711,M,土木工程学院,23,本科
712,M,数学学院,23,本科
713,M,电子科学与工程学院,23,本科
714,M,机械工程学院,23,本科
715,M,电气工程学院,23,本科
716,M,自动化学院,23,本科
717,M,能源与环境学院,23,本科
718,F,外国语学院,23,本科
719,M,数学学院,23,本科
720,M,能源与环境学院,23,本科
721,M,电子科学与工程学院,23,本科
722,M,自动化学院,23,本科
723,F,经济管理学院,23,本科
724,M,电气工程学院,23,本科
725,M,信息科学与工程学院,23,本科
726,M,信息科学与工程学院,23,本科
727,M,经济管理学院,23,本科
728,M,信息科学与工程学院,23,本科
729,M,人文学院,23,本科
730,M,经济管理学院,23,本科
731,M,人文学院,23,本科
732,M,人文学院,23,本科
733,M,人文学院,23,本科
734,M,人文学院,24,本科
735,M,数学学院,24,本科
736,M,化学化工学院,24,本科
737,F,外国语学院,24,本科
738,F,人文学院,24,本科
739,M,电子科学与工程学院,24,本科
740,F,能源与环境学院,24,本科
741,M,机械工程学院,24,本科
742,F,机械工程学院,24,本科
743,M,电子科学与工程学院,24,本科
744,F,艺术学院,24,本科
745,M,土木工程学院,24,本科
746,M,土木工程学院,24,本科
747,M,信息科学与工程学院,24,本科
748,M,信息科学与工程学院,24,本科
749,M,外国语学院,24,本科
750,M,电子科学与工程学院,24,本科
751,M,土木工程学院,24,本科
752,F,能源与环境学院,24,本科
753,M,人文学院,24,本科
754,M,信息科学与工程学院,24,本科
755,M,数学学院,24,本科
756,M,人文学院,24,本科
757,M,经济管理学院,24,本科
758,M,人文学院,24,本科
759,M,机械工程学院,18,硕士
760,M,机械工程学院,18,硕士
761,F,信息科学与工程学院,18,硕士
762,M,信息科学与工程学院,18,硕士
763,M,信息科学与工程学院,18,硕士
764,M,土木工程学院,18,硕士
765,M,土木工程学院,18,硕士
766,M,土木工程学院,18,硕士
767,M,土木工程学院,18,硕士
768,M,土木工程学院,18,硕士
769,M,电子科学与工程学院,18,硕士
770,M,数学学院,18,硕士
771,M,自动化学院,18,硕士
772,M,自动化学院,18,硕士
773,F,经济管理学院,18,硕士
774,M,经济管理学院,18,硕士
775,M,经济管理学院,18,硕士
776,F,经济管理学院,18,硕士
777,M,经济管理学院,18,硕士
778,F,经济管理学院,18,硕士
779,M,电气工程学院,18,硕士
780,F,电气工程学院,18,硕士
781,F,电气工程学院,18,硕士
782,M,电气工程学院,18,硕士
783,F,外国语学院,18,硕士
784,F,化学化工学院,18,硕士
785,F,法学院,18,硕士
786,M,法学院,18,硕士
787,M,法学院,18,硕士
788,M,人文学院,18,硕士
789,M,人文学院,18,硕士
790,F,艺术学院,18,硕士
791,F,艺术学院,18,硕士
792,F,艺术学院,18,硕士
793,F,艺术学院,18,硕士
794,M,艺术学院,18,硕士
795,F,艺术学院,18,硕士
796,M,艺术学院,18,硕士
797,F,艺术学院,18,硕士
798,M,艺术学院,18,硕士
799,F,艺术学院,18,硕士
800,F,艺术学院,18,硕士
801,M,艺术学院,18,硕士
802,F,艺术学院,18,硕士
803,F,艺术学院,18,硕士
804,F,艺术学院,18,硕士
805,M,机械工程学院,19,硕士
806,F,机械工程学院,19,硕士
807,M,机械工程学院,19,硕士
808,M,机械工程学院,19,硕士
809,F,机械工程学院,19,硕士
810,M,机械工程学院,19,硕士
811,M,机械工程学院,19,硕士
812,M,能源与环境学院,19,硕士
813,M,能源与环境学院,19,硕士
814,M,能源与环境学院,19,硕士
815,M,能源与环境学院,19,硕士
816,F,信息科学与工程学院,19,硕士
817,M,信息科学与工程学院,19,硕士
818,F,信息科学与工程学院,19,硕士
819,M,信息科学与工程学院,19,硕士
820,M,信息科学与工程学院,19,硕士
821,M,土木工程学院,19,硕士
822,M,土木工程学院,19,硕士
823,M,土木工程学院,19,硕士
824,M,土木工程学院,19,硕士
825,M,土木工程学院,19,硕士
826,M,土木工程学院,19,硕士
827,F,电子科学与工程学院,19,硕士
828,M,电子科学与工程学院,19,硕士
829,M,电子科学与工程学院,19,硕士
830,M,数学学院,19,硕士
831,F,数学学院,19,硕士
832,F,数学学院,19,硕士
833,M,数学学院,19,硕士
834,M,自动化学院,19,硕士
835,M,自动化学院,19,硕士
836,M,计算机科学与工程学院,19,硕士
837,M,计算机科学与工程学院,19,硕士
838,M,计算机科学与工程学院,19,硕士
839,M,物理学院,19,硕士
840,M,物理学院,19,硕士
841,M,物理学院,19,硕士
842,F,经济管理学院,19,硕士
843,M,经济管理学院,19,硕士
844,F,经济管理学院,19,硕士
845,F,经济管理学院,19,硕士
846,M,经济管理学院,19,硕士
847,F,经济管理学院,19,硕士
848,F,经济管理学院,19,硕士
849,F,经济管理学院,19,硕士
850,F,经济管理学院,19,硕士
851,M,电气工程学院,19,硕士
852,M,电气工程学院,19,硕士
853,M,电气工程学院,19,硕士
854,F,电气工程学院,19,硕士
855,M,化学化工学院,19,硕士
856,F,法学院,19,硕士
857,F,法学院,19,硕士
858,M,法学院,19,硕士
859,F,法学院,19,硕士
860,F,法学院,19,硕士
861,F,法学院,19,硕士
862,F,法学院,19,硕士
863,F,法学院,19,硕士
864,F,法学院,19,硕士
865,F,法学院,19,硕士
866,M,法学院,19,硕士
867,F,法学院,19,硕士
868,F,法学院,19,硕士
869,F,人文学院,19,硕士
870,M,人文学院,19,硕士
871,F,人文学院,19,硕士
872,M,人文学院,19,硕士
873,M,人文学院,19,硕士
874,F,人文学院,19,硕士
875,F,人文学院,19,硕士
876,F,人文学院,19,硕士
877,F,人文学院,19,硕士
878,F,人文学院,19,硕士
879,F,人文学院,19,硕士
880,F,艺术学院,19,硕士
881,M,艺术学院,19,硕士
882,F,艺术学院,19,硕士
883,F,艺术学院,19,硕士
884,F,艺术学院,19,硕士
885,F,艺术学院,19,硕士
886,F,艺术学院,19,硕士
887,F,艺术学院,19,硕士
888,F,艺术学院,19,硕士
889,M,机械工程学院,20,硕士
890,M,机械工程学院,20,硕士
891,M,机械工程学院,20,硕士
892,M,机械工程学院,20,硕士
893,M,机械工程学院,20,硕士
894,F,机械工程学院,20,硕士
895,F,能源与环境学院,20,硕士
896,M,能源与环境学院,20,硕士
897,M,能源与环境学院,20,硕士
898,M,能源与环境学院,20,硕士
899,M,能源与环境学院,20,硕士
900,M,信息科学与工程学院,20,硕士
901,F,土木工程学院,20,硕士
902,M,土木工程学院,20,硕士
903,M,土木工程学院,20,硕士
904,M,土木工程学院,20,硕士
905,F,土木工程学院,20,硕士
906,M,土木工程学院,20,硕士
907,M,土木工程学院,20,硕士
908,M,电子科学与工程学院,20,硕士
909,M,电子科学与工程学院,20,硕士
910,M,自动化学院,20,硕士
911,M,自动化学院,20,硕士
912,M,自动化学院,20,硕士
913,M,计算机科学与工程学院,20,硕士
914,M,经济管理学院,20,硕士
915,M,经济管理学院,20,硕士
916,M,经济管理学院,20,硕士
917,M,经济管理学院,20,硕士
918,M,经济管理学院,20,硕士
919,M,经济管理学院,20,硕士
920,M,经济管理学院,20,硕士
921,F,经济管理学院,20,硕士
922,M,经济管理学院,20,硕士
923,M,电气工程学院,20,硕士
924,M,电气工程学院,20,硕士
925,M,电气工程学院,20,硕士
926,M,电气工程学院,20,硕士
927,F,外国语学院,20,硕士
928,F,外国语学院,20,硕士
929,F,化学化工学院,20,硕士
930,F,化学化工学院,20,硕士
931,M,化学化工学院,20,硕士
932,F,法学院,20,硕士
933,F,法学院,20,硕士
934,M,法学院,20,硕士
935,F,法学院,20,硕士
936,F,法学院,20,硕士
937,M,法学院,20,硕士
938,M,法学院,20,硕士
939,M,法学院,20,硕士
940,F,人文学院,20,硕士
941,F,人文学院,20,硕士
942,F,人文学院,20,硕士
943,F,人文学院,20,硕士
944,F,人文学院,20,硕士
945,F,人文学院,20,硕士
946,F,人文学院,20,硕士
947,F,人文学院,20,硕士
948,F,人文学院,20,硕士
949,F,人文学院,20,硕士
950,F,人文学院,20,硕士
951,F,人文学院,20,硕士
952,F,艺术学院,20,硕士
953,F,艺术学院,20,硕士
954,F,艺术学院,20,硕士
955,F,艺术学院,20,硕士
956,F,艺术学院,20,硕士
957,F,艺术学院,20,硕士
958,F,艺术学院,20,硕士
959,F,艺术学院,20,硕士
960,M,艺术学院,20,硕士
961,F,艺术学院,20,硕士
962,F,艺术学院,20,硕士
963,F,艺术学院,20,硕士
964,F,艺术学院,20,硕士
965,F,艺术学院,20,硕士
966,F,艺术学院,20,硕士
967,M,机械工程学院,21,硕士
968,F,机械工程学院,21,硕士
969,F,机械工程学院,21,硕士
970,M,机械工程学院,21,硕士
971,M,能源与环境学院,21,硕士
972,M,能源与环境学院,21,硕士
973,M,能源与环境学院,21,硕士
974,F,信息科学与工程学院,21,硕士
975,F,信息科学与工程学院,21,硕士
976,M,信息科学与工程学院,21,硕士
977,M,信息科学与工程学院,21,硕士
978,M,信息科学与工程学院,21,硕士
979,M,信息科学与工程学院,21,硕士
980,M,土木工程学院,21,硕士
981,M,土木工程学院,21,硕士
982,M,土木工程学院,21,硕士
983,M,数学学院,21,硕士
984,M,自动化学院,21,硕士
985,M,自动化学院,21,硕士
986,M,计算机科学与工程学院,21,硕士
987,M,计算机科学与工程学院,21,硕士
988,F,物理学院,21,硕士
989,M,经济管理学院,21,硕士
990,M,经济管理学院,21,硕士
991,F,经济管理学院,21,硕士
992,M,经济管理学院,21,硕士
993,M,经济管理学院,21,硕士
994,M,经济管理学院,21,硕士
995,M,经济管理学院,21,硕士
996,F,经济管理学院,21,硕士
997,M,电气工程学院,21,硕士
998,M,电气工程学院,21,硕士
999,M,电气工程学院,21,硕士
1000,M,外国语学院,21,硕士
1001,F,外国语学院,21,硕士
1002,F,外国语学院,21,硕士
1003,F,化学化工学院,21,硕士
1004,F,化学化工学院,21,硕士
1005,F,法学院,21,硕士
1006,M,法学院,21,硕士
1007,F,法学院,21,硕士
1008,F,法学院,21,硕士
1009,M,人文学院,21,硕士
1010,F,人文学院,21,硕士
1011,F,人文学院,21,硕士
1012,F,人文学院,21,硕士
1013,F,人文学院,21,硕士
1014,F,人文学院,21,硕士
1015,F,艺术学院,21,硕士
1016,F,艺术学院,21,硕士
1017,F,艺术学院,21,硕士
1018,F,艺术学院,21,硕士
1019,F,艺术学院,21,硕士
1020,M,机械工程学院,22,硕士
1021,M,机械工程学院,22,硕士
1022,M,机械工程学院,22,硕士
1023,M,机械工程学院,22,硕士
1024,M,机械工程学院,22,硕士
1025,M,机械工程学院,22,硕士
1026,M,机械工程学院,22,硕士
1027,M,机械工程学院,22,硕士
1028,M,机械工程学院,22,硕士
1029,M,机械工程学院,22,硕士
1030,M,能源与环境学院,22,硕士
1031,M,能源与环境学院,22,硕士
1032,F,能源与环境学院,22,硕士
1033,M,能源与环境学院,22,硕士
1034,M,能源与环境学院,22,硕士
1035,F,能源与环境学院,22,硕士
1036,F,能源与环境学院,22,硕士
1037,F,能源与环境学院,22,硕士
1038,M,信息科学与工程学院,22,硕士
1039,F,信息科学与工程学院,22,硕士
1040,M,信息科学与工程学院,22,硕士
1041,M,信息科学与工程学院,22,硕士
1042,M,信息科学与工程学院,22,硕士
1043,M,信息科学与工程学院,22,硕士
1044,M,信息科学与工程学院,22,硕士
1045,M,信息科学与工程学院,22,硕士
1046,M,信息科学与工程学院,22,硕士
1047,F,信息科学与工程学院,22,硕士
1048,M,信息科学与工程学院,22,硕士
1049,M,信息科学与工程学院,22,硕士
1050,F,信息科学与工程学院,22,硕士
1051,M,土木工程学院,22,硕士
1052,M,土木工程学院,22,硕士
1053,M,土木工程学院,22,硕士
1054,M,土木工程学院,22,硕士
1055,M,土木工程学院,22,硕士
1056,M,土木工程学院,22,硕士
1057,F,土木工程学院,22,硕士
1058,M,土木工程学院,22,硕士
1059,M,土木工程学院,22,硕士
1060,M,土木工程学院,22,硕士
1061,M,土木工程学院,22,硕士
1062,M,土木工程学院,22,硕士
1063,M,土木工程学院,22,硕士
1064,M,土木工程学院,22,硕士
1065,M,土木工程学院,22,硕士
1066,M,土木工程学院,22,硕士
1067,F,土木工程学院,22,硕士
1068,M,电子科学与工程学院,22,硕士
1069,M,电子科学与工程学院,22,硕士
1070,M,电子科学与工程学院,22,硕士
1071,F,电子科学与工程学院,22,硕士
1072,M,数学学院,22,硕士
1073,F,数学学院,22,硕士
1074,M,自动化学院,22,硕士
1075,M,计算机科学与工程学院,22,硕士
1076,M,计算机科学与工程学院,22,硕士
1077,M,计算机科学与工程学院,22,硕士
1078,F,计算机科学与工程学院,22,硕士
1079,F,物理学院,22,硕士
1080,F,经济管理学院,22,硕士
1081,M,经济管理学院,22,硕士
1082,F,经济管理学院,22,硕士
1083,F,经济管理学院,22,硕士
1084,F,经济管理学院,22,硕士
1085,M,经济管理学院,22,硕士
1086,M,经济管理学院,22,硕士
1087,F,经济管理学院,22,硕士
1088,F,经济管理学院,22,硕士
1089,F,经济管理学院,22,硕士
1090,M,经济管理学院,22,硕士
1091,F,电气工程学院,22,硕士
1092,M,电气工程学院,22,硕士
1093,F,外国语学院,22,硕士
1094,F,外国语学院,22,硕士
1095,F,外国语学院,22,硕士
1096,M,外国语学院,22,硕士
1097,F,外国语学院,22,硕士
1098,M,化学化工学院,22,硕士
1099,F,化学化工学院,22,硕士
1100,M,化学化工学院,22,硕士
1101,M,化学化工学院,22,硕士
1102,F,化学化工学院,22,硕士
1103,M,化学化工学院,22,硕士
1104,M,化学化工学院,22,硕士
1105,F,化学化工学院,22,硕士
1106,M,化学化工学院,22,硕士
1107,F,法学院,22,硕士
1108,M,法学院,22,硕士
1109,M,法学院,22,硕士
1110,F,法学院,22,硕士
1111,F,法学院,22,硕士
1112,M,法学院,22,硕士
1113,M,法学院,22,硕士
1114,F,人文学院,22,硕士
1115,F,人文学院,22,硕士
1116,F,人文学院,22,硕士
1117,F,人文学院,22,硕士
1118,F,人文学院,22,硕士
1119,F,人文学院,22,硕士
1120,F,人文学院,22,硕士
1121,F,人文学院,22,硕士
1122,F,艺术学院,22,硕士
1123,F,艺术学院,22,硕士
1124,F,艺术学院,22,硕士
1125,M,计算机科学与工程学院,22,硕士
1126,M,机械工程学院,23,硕士
1127,M,机械工程学院,23,硕士
1128,M,机械工程学院,23,硕士
1129,M,机械工程学院,23,硕士
1130,M,机械工程学院,23,硕士
1131,M,机械工程学院,23,硕士
1132,M,机械工程学院,23,硕士
1133,M,机械工程学院,23,硕士
1134,F,机械工程学院,23,硕士
1135,M,机械工程学院,23,硕士
1136,M,能源与环境学院,23,硕士
1137,M,能源与环境学院,23,硕士
1138,F,能源与环境学院,23,硕士
1139,F,能源与环境学院,23,硕士
1140,F,能源与环境学院,23,硕士
1141,F,能源与环境学院,23,硕士
1142,M,能源与环境学院,23,硕士
1143,M,能源与环境学院,23,硕士
1144,M,能源与环境学院,23,硕士
1145,M,能源与环境学院,23,硕士
1146,F,能源与环境学院,23,硕士
1147,M,能源与环境学院,23,硕士
1148,F,信息科学与工程学院,23,硕士
1149,F,信息科学与工程学院,23,硕士
1150,M,信息科学与工程学院,23,硕士
1151,F,信息科学与工程学院,23,硕士
1152,M,信息科学与工程学院,23,硕士
1153,M,信息科学与工程学院,23,硕士
1154,F,信息科学与工程学院,23,硕士
1155,F,信息科学与工程学院,23,硕士
1156,M,信息科学与工程学院,23,硕士
1157,M,土木工程学院,23,硕士
1158,M,土木工程学院,23,硕士
1159,M,土木工程学院,23,硕士
1160,M,土木工程学院,23,硕士
1161,F,土木工程学院,23,硕士
1162,F,土木工程学院,23,硕士
1163,M,土木工程学院,23,硕士
1164,M,土木工程学院,23,硕士
1165,M,土木工程学院,23,硕士
1166,M,土木工程学院,23,硕士
1167,F,土木工程学院,23,硕士
1168,F,土木工程学院,23,硕士
1169,F,土木工程学院,23,硕士
1170,M,电子科学与工程学院,23,硕士
1171,M,电子科学与工程学院,23,硕士
1172,M,电子科学与工程学院,23,硕士
1173,M,电子科学与工程学院,23,硕士
1174,M,数学学院,23,硕士
1175,M,数学学院,23,硕士
1176,F,数学学院,23,硕士
1177,F,数学学院,23,硕士
1178,F,自动化学院,23,硕士
1179,M,计算机科学与工程学院,23,硕士
1180,M,计算机科学与工程学院,23,硕士
1181,F,计算机科学与工程学院,23,硕士
1182,F,计算机科学与工程学院,23,硕士
1183,F,物理学院,23,硕士
1184,M,经济管理学院,23,硕士
1185,M,经济管理学院,23,硕士
1186,M,经济管理学院,23,硕士
1187,F,经济管理学院,23,硕士
1188,F,经济管理学院,23,硕士
1189,F,经济管理学院,23,硕士
1190,F,经济管理学院,23,硕士
1191,M,电气工程学院,23,硕士
1192,M,电气工程学院,23,硕士
1193,M,电气工程学院,23,硕士
1194,M,电气工程学院,23,硕士
1195,M,电气工程学院,23,硕士
1196,M,电气工程学院,23,硕士
1197,M,外国语学院,23,硕士
1198,F,化学化工学院,23,硕士
1199,F,法学院,23,硕士
1200,M,法学院,23,硕士
1201,M,法学院,23,硕士
1202,M,法学院,23,硕士
1203,M,法学院,23,硕士
1204,F,法学院,23,硕士
1205,F,法学院,23,硕士
1206,F,法学院,23,硕士
1207,F,法学院,23,硕士
1208,M,法学院,23,硕士
1209,F,法学院,23,硕士
1210,M,法学院,23,硕士
1211,F,人文学院,23,硕士
1212,F,人文学院,23,硕士
1213,M,人文学院,23,硕士
1214,F,艺术学院,23,硕士
1215,F,艺术学院,23,硕士
1216,F,艺术学院,23,硕士
1217,F,艺术学院,23,硕士
1218,F,艺术学院,23,硕士
1219,F,艺术学院,23,硕士
1220,M,艺术学院,23,硕士
1221,F,艺术学院,23,硕士
1222,F,艺术学院,23,硕士
1223,F,艺术学院,23,硕士
1224,F,艺术学院,23,硕士
1225,F,艺术学院,23,硕士
1226,F,艺术学院,23,硕士
1227,F,艺术学院,23,硕士
1228,F,艺术学院,23,硕士
1229,F,艺术学院,23,硕士
1230,F,艺术学院,23,硕士
1231,F,艺术学院,23,硕士
1232,F,艺术学院,23,硕士
1233,F,能源与环境学院,24,硕士
1234,F,能源与环境学院,24,硕士
1235,M,信息科学与工程学院,24,硕士
1236,F,信息科学与工程学院,24,硕士
1237,M,信息科学与工程学院,24,硕士
1238,M,信息科学与工程学院,24,硕士
1239,M,土木工程学院,24,硕士
1240,M,土木工程学院,24,硕士
1241,M,数学学院,24,硕士
1242,M,自动化学院,24,硕士
1243,M,计算机科学与工程学院,24,硕士
1244,F,经济管理学院,24,硕士
1245,M,经济管理学院,24,硕士
1246,M,外国语学院,24,硕士
1247,M,外国语学院,24,硕士
1248,M,化学化工学院,24,硕士
1249,M,化学化工学院,24,硕士
1250,M,法学院,24,硕士
1251,M,法学院,24,硕士
1252,F,人文学院,24,硕士
1253,M,人文学院,24,硕士
1254,F,人文学院,24,硕士
1255,F,人文学院,24,硕士
1256,M,人文学院,24,硕士
1257,F,艺术学院,24,硕士
1258,F,艺术学院,24,硕士
1259,F,艺术学院,24,硕士
1260,M,艺术学院,24,硕士
1261,F,艺术学院,24,硕士
1262,F,机械工程学院,18,博士
1263,F,能源与环境学院,18,博士
1264,F,电子科学与工程学院,18,博士
1265,F,经济管理学院,18,博士
1266,F,经济管理学院,18,博士
1267,F,人文学院,18,博士
1268,M,人文学院,18,博士
1269,M,艺术学院,18,博士
1270,M,机械工程学院,18,博士
1271,M,能源与环境学院,18,博士
1272,M,土木工程学院,18,博士
1273,M,化学化工学院,18,博士
1274,M,法学院,18,博士
1275,M,法学院,18,博士
1276,M,能源与环境学院,18,博士
1277,M,机械工程学院,19,博士
1278,M,土木工程学院,19,博士
1279,F,土木工程学院,19,博士
1280,M,电气工程学院,19,博士
1281,M,法学院,19,博士
1282,M,人文学院,19,博士
1283,F,人文学院,19,博士
1284,F,艺术学院,19,博士
1285,F,艺术学院,19,博士
1286,F,艺术学院,19,博士
1287,M,信息科学与工程学院,19,博士
1288,M,信息科学与工程学院,19,博士
1289,M,土木工程学院,19,博士
1290,M,土木工程学院,19,博士
1291,M,土木工程学院,19,博士
1292,M,土木工程学院,19,博士
1293,F,电子科学与工程学院,19,博士
1294,M,电子科学与工程学院,19,博士
1295,M,自动化学院,19,博士
1296,F,计算机科学与工程学院,19,博士
1297,F,物理学院,19,博士
1298,F,经济管理学院,19,博士
1299,M,法学院,19,博士
1300,F,法学院,19,博士
1301,M,法学院,19,博士
1302,M,人文学院,19,博士
1303,M,能源与环境学院,19,博士
1304,F,计算机科学与工程学院,19,博士
1305,M,电气工程学院,19,博士
1306,M,法学院,19,博士
1307,F,人文学院,19,博士
1308,F,艺术学院,19,博士
1309,F,艺术学院,19,博士
1310,M,能源与环境学院,19,博士
1311,M,计算机科学与工程学院,19,博士
1312,M,能源与环境学院,20,博士
1313,M,信息科学与工程学院,20,博士
1314,M,土木工程学院,20,博士
1315,M,土木工程学院,20,博士
1316,F,土木工程学院,20,博士
1317,F,数学学院,20,博士
1318,F,电气工程学院,20,博士
1319,F,人文学院,20,博士
1320,F,艺术学院,20,博士
1321,M,艺术学院,20,博士
1322,M,机械工程学院,20,博士
1323,M,机械工程学院,20,博士
1324,M,土木工程学院,20,博士
1325,M,土木工程学院,20,博士
1326,M,土木工程学院,20,博士
1327,M,人文学院,20,博士
1328,M,人文学院,20,博士
1329,M,艺术学院,20,博士
1330,F,经济管理学院,20,博士
1331,F,法学院,20,博士
1332,F,法学院,20,博士
1333,F,艺术学院,20,博士
1334,M,机械工程学院,21,博士
1335,M,信息科学与工程学院,21,博士
1336,F,经济管理学院,21,博士
1337,M,电气工程学院,21,博士
1338,M,机械工程学院,21,博士
1339,M,能源与环境学院,21,博士
1340,M,土木工程学院,21,博士
1341,M,自动化学院,21,博士
1342,M,计算机科学与工程学院,21,博士
1343,M,经济管理学院,21,博士
1344,M,法学院,21,博士
1345,F,艺术学院,21,博士
1346,F,能源与环境学院,21,博士
1347,F,法学院,21,博士
1348,M,机械工程学院,22,博士
1349,M,机械工程学院,22,博士
1350,M,机械工程学院,22,博士
1351,M,机械工程学院,22,博士
1352,M,机械工程学院,22,博士
1353,M,机械工程学院,22,博士
1354,M,能源与环境学院,22,博士
1355,M,信息科学与工程学院,22,博士
1356,M,土木工程学院,22,博士
1357,M,土木工程学院,22,博士
1358,F,土木工程学院,22,博士
1359,M,土木工程学院,22,博士
1360,M,土木工程学院,22,博士
1361,M,土木工程学院,22,博士
1362,F,数学学院,22,博士
1363,M,数学学院,22,博士
1364,M,物理学院,22,博士
1365,F,经济管理学院,22,博士
1366,M,经济管理学院,22,博士
1367,M,经济管理学院,22,博士
1368,F,经济管理学院,22,博士
1369,F,经济管理学院,22,博士
1370,F,电气工程学院,22,博士
1371,M,电气工程学院,22,博士
1372,F,外国语学院,22,博士
1373,F,外国语学院,22,博士
1374,F,外国语学院,22,博士
1375,M,外国语学院,22,博士
1376,F,法学院,22,博士
1377,F,法学院,22,博士
1378,F,法学院,22,博士
1379,M,法学院,22,博士
1380,M,法学院,22,博士
1381,F,人文学院,22,博士
1382,M,机械工程学院,22,博士
1383,M,机械工程学院,22,博士
1384,M,信息科学与工程学院,22,博士
1385,F,土木工程学院,22,博士
1386,M,数学学院,22,博士
1387,M,电气工程学院,22,博士
1388,F,机械工程学院,23,博士
1389,F,机械工程学院,23,博士
1390,F,能源与环境学院,23,博士
1391,F,信息科学与工程学院,23,博士
1392,M,信息科学与工程学院,23,博士
1393,M,信息科学与工程学院,23,博士
1394,M,土木工程学院,23,博士
1395,M,土木工程学院,23,博士
1396,M,土木工程学院,23,博士
1397,M,土木工程学院,23,博士
1398,F,数学学院,23,博士
1399,M,计算机科学与工程学院,23,博士
1400,F,经济管理学院,23,博士
1401,M,经济管理学院,23,博士
1402,F,经济管理学院,23,博士
1403,F,经济管理学院,23,博士
1404,F,经济管理学院,23,博士
1405,M,经济管理学院,23,博士
1406,M,电气工程学院,23,博士
1407,M,电气工程学院,23,博士
1408,M,外国语学院,23,博士
1409,M,化学化工学院,23,博士
1410,F,化学化工学院,23,博士
1411,M,法学院,23,博士
1412,M,法学院,23,博士
1413,F,法学院,23,博士
1414,F,法学院,23,博士
1415,M,法学院,23,博士
1416,F,人文学院,23,博士
1417,F,人文学院,23,博士
1418,F,艺术学院,23,博士
1419,F,艺术学院,23,博士
1420,M,艺术学院,23,博士
1421,M,机械工程学院,23,博士
1422,M,信息科学与工程学院,23,博士
1423,M,信息科学与工程学院,23,博士
1424,M,信息科学与工程学院,23,博士
1425,M,自动化学院,23,博士
1426,M,法学院,23,博士
1427,M,机械工程学院,24,博士
1428,M,能源与环境学院,24,博士
1429,M,能源与环境学院,24,博士
1430,M,信息科学与工程学院,24,博士
1431,M,信息科学与工程学院,24,博士
1432,F,土木工程学院,24,博士
1433,M,土木工程学院,24,博士
1434,M,土木工程学院,24,博士
1435,M,电子科学与工程学院,24,博士
1436,M,电子科学与工程学院,24,博士
1437,M,化学化工学院,24,博士
1438,F,化学化工学院,24,博士
1439,F,化学化工学院,24,博士
1440,F,人文学院,24,博士
1441,F,人文学院,24,博士
1442,M,人文学院,24,博士
1443,M,艺术学院,24,博士
1444,M,土木工程学院,24,博士
1445,M,土木工程学院,24,博士
1446,M,土木工程学院,24,博士
1447,M,外国语学院,24,博士
1448,M,法学院,24,博士
1449,M,艺术学院,24,博士
1450,F,机械工程学院,24,博士
1451,M,人文学院,24,博士
